{
  "average_f1": 0.5420560747663551,
  "average_precision": 0.5033377837116155,
  "average_recall": 0.5872274143302181,
  "average_threshold": 0.05,
  "average_total_predicted_links": 749.0,
  "average_predicted_links_by_granularity": {
    "Class": {
      "precision": 0.5241779497098646,
      "recall": 0.5865800865800865,
      "f1": 0.5536261491317671,
      "predicted_links": 517.0
    },
    "Method": {
      "precision": 0.8870967741935484,
      "recall": 0.5612244897959183,
      "f1": 0.6875,
      "predicted_links": 62.0
    },
    "Statement-level": {
      "precision": 0.3,
      "recall": 0.6219512195121951,
      "f1": 0.40476190476190477,
      "predicted_links": 170.0
    }
  },
  "n_runs": 5
}