{
  "total": 3242,
  "patterns": {
    "EXTENDED": 665,
    "SHORTENED": 295,
    "REORDERED": 0,
    "SUBSTITUTED": 187
  },
  "correctness": {
    "COMPLETE_MATCH": 516,
    "PARTIAL_MATCH_INTERMEDIATE": 1147,
    "PARTIAL_MATCH_PREFIX": 23,
    "PARTIAL_MATCH_SUFFIX": 1,
    "INCORRECT": 1555
  },
  "patterns_percentages": {
    "EXTENDED": 57.97733217088056,
    "SHORTENED": 25.719267654751526,
    "REORDERED": 0.0,
    "SUBSTITUTED": 16.303400174367916
  },
  "correctness_percentages": {
    "COMPLETE_MATCH": 15.91610117211598,
    "PARTIAL_MATCH_INTERMEDIATE": 35.37939543491672,
    "PARTIAL_MATCH_PREFIX": 0.7094386181369525,
    "PARTIAL_MATCH_SUFFIX": 0.030845157310302282,
    "INCORRECT": 47.96421961752005
  }
}