{
  "total": 3240,
  "patterns": {
    "EXTENDED": 257,
    "SHORTENED": 70,
    "REORDERED": 0,
    "SUBSTITUTED": 116
  },
  "correctness": {
    "COMPLETE_MATCH": 238,
    "PARTIAL_MATCH_INTERMEDIATE": 443,
    "PARTIAL_MATCH_PREFIX": 11,
    "PARTIAL_MATCH_SUFFIX": 1141,
    "INCORRECT": 1407
  },
  "patterns_percentages": {
    "EXTENDED": 58.013544018058695,
    "SHORTENED": 15.80135440180587,
    "REORDERED": 0.0,
    "SUBSTITUTED": 26.185101580135438
  },
  "correctness_percentages": {
    "COMPLETE_MATCH": 7.34567901234568,
    "PARTIAL_MATCH_INTERMEDIATE": 13.67283950617284,
    "PARTIAL_MATCH_PREFIX": 0.3395061728395062,
    "PARTIAL_MATCH_SUFFIX": 35.216049382716044,
    "INCORRECT": 43.425925925925924
  }
}