{
  "average_f1": 0.1946624803767661,
  "average_precision": 0.12863070539419086,
  "average_recall": 0.4,
  "average_threshold": 2.2,
  "average_total_predicted_links": 482.0,
  "average_predicted_links_by_granularity": {
    "Method": {
      "precision": 0.10629067245119306,
      "recall": 0.34507042253521125,
      "f1": 0.1625207296849088,
      "predicted_links": 461.0
    },
    "Class": {
      "precision": 0.6190476190476191,
      "recall": 1.0,
      "f1": 0.7647058823529412,
      "predicted_links": 21.0
    }
  },
  "n_runs": 5
}