{
  "total": 3345,
  "patterns": {
    "EXTENDED": 1095,
    "SHORTENED": 169,
    "REORDERED": 0,
    "SUBSTITUTED": 227
  },
  "correctness": {
    "COMPLETE_MATCH": 527,
    "PARTIAL_MATCH_INTERMEDIATE": 1491,
    "PARTIAL_MATCH_PREFIX": 182,
    "PARTIAL_MATCH_SUFFIX": 0,
    "INCORRECT": 1145
  },
  "patterns_percentages": {
    "EXTENDED": 73.44064386317908,
    "SHORTENED": 11.334674714956405,
    "REORDERED": 0.0,
    "SUBSTITUTED": 15.224681421864519
  },
  "correctness_percentages": {
    "COMPLETE_MATCH": 15.754857997010463,
    "PARTIAL_MATCH_INTERMEDIATE": 44.573991031390136,
    "PARTIAL_MATCH_PREFIX": 5.440956651718984,
    "PARTIAL_MATCH_SUFFIX": 0.0,
    "INCORRECT": 34.23019431988042
  }
}